,Variable,Topic,What it means,Units / how to read it,Type,Original Scorecard name,Official Scorecard description
1,school_id,Identity & location,Unique ID number for each school.,text,ID / text,UNITID,Unit ID for institution
2,school_name,Identity & location,Name of the school.,text,ID / text,INSTNM,Institution name
3,city,Identity & location,City where the school is located.,text,ID / text,CITY,City
4,state,Identity & location,"Two-letter state or territory abbreviation (e.g., CO).",text,ID / text,STABBR,State postcode
5,region_code,Identity & location,"Region of the country (e.g., 7 = Rocky Mountains, which includes Colorado). See Codes tab.",code (see Codes tab),Category,REGION,Region (IPEDS)
6,urban_rural_code,Identity & location,"How urban or rural the campus location is (city, suburb, town, rural). See Codes tab.",code (see Codes tab),Category,LOCALE,Locale of institution
7,latitude,Identity & location,Latitude of the campus. ,degrees,ID / text,LATITUDE,Latitude
8,longitude,Identity & location,Longitude of the campus. ,degrees,ID / text,LONGITUDE,Longitude
9,ownership_code,Type of school,"School type: 1 = public, 2 = private nonprofit, 3 = for-profit.",code (see Codes tab),Category,CONTROL,Control of institution (IPEDS)
10,main_degree_code,Type of school,"The type of award the school gives most: 1 = certificate, 2 = associate, 3 = bachelor's, 4 = graduate only.",code (see Codes tab),Category,PREDDEG,Predominant undergraduate degree awarded
11,highest_degree_code,Type of school,"Highest award the school offers: 0 = none, 1 = certificate, 2 = associate, 3 = bachelor's, 4 = graduate.",code (see Codes tab),Category,HIGHDEG,Highest degree awarded
12,school_level_code,Type of school,"Length of the school's programs: 1 = 4-year, 2 = 2-year, 3 = less than 2-year.",code (see Codes tab),Category,ICLEVEL,Level of institution
13,sector_code,Type of school,"Ownership and main degree combined into one code (e.g., 4 = public, mostly bachelor's). ",code (see Codes tab),Category,SCORECARD_SECTOR,College Scorecard sector (ownership x predominant degree)
14,carnegie_size_code,Type of school,"Carnegie size and setting (e.g., four-year, large, highly residential). See Codes tab.",code (see Codes tab),Category,CCSIZSET,Carnegie Classification -- size and setting
15,religious_affiliation_code,Type of school,"Religious affiliation, if any. See Codes tab. Blank for most public schools.",code (see Codes tab),Category,RELAFFIL,Religous affiliation of the institution
16,online_only,Type of school,All programs are offered only online.,"1 = yes, 0 = no",Yes/No flag,DISTANCEONLY,Flag for distance-education-only education
17,main_campus,Type of school,This is the main campus (0 = a branch campus).,"1 = yes, 0 = no",Yes/No flag,MAIN,Flag for main campus
18,is_hbcu,Type of school,Historically Black College or University.,"1 = yes, 0 = no",Yes/No flag,HBCU,Flag for Historically Black College and University
19,is_predominantly_black,Type of school,Predominantly Black Institution (federal designation).,"1 = yes, 0 = no",Yes/No flag,PBI,Flag for predominantly black institution
20,is_tribal_college,Type of school,Tribal college or university.,"1 = yes, 0 = no",Yes/No flag,TRIBAL,Flag for tribal college and university
21,is_hispanic_serving,Type of school,Hispanic-Serving Institution.,"1 = yes, 0 = no",Yes/No flag,HSI,Flag for Hispanic-serving institution
22,is_alaska_hawaiian_serving,Type of school,Alaska Native- or Native Hawaiian-Serving Institution.,"1 = yes, 0 = no",Yes/No flag,ANNHI,Flag for Alaska Native Native Hawaiian serving institution
23,is_asian_pacific_serving,Type of school,Asian American and Native American Pacific Islander-Serving Institution.,"1 = yes, 0 = no",Yes/No flag,AANAPII,Flag for Asian American Native American Pacific Islander-serving institution
24,is_native_american_serving,Type of school,Native American-Serving Nontribal Institution.,"1 = yes, 0 = no",Yes/No flag,NANTI,Flag for Native American non-tribal institution
25,is_men_only,Type of school,Enrolls only men.,"1 = yes, 0 = no",Yes/No flag,MENONLY,Flag for men-only college
26,is_women_only,Type of school,Enrolls only women.,"1 = yes, 0 = no",Yes/No flag,WOMENONLY,Flag for women-only college
27,admission_rate,Admissions & test scores,Share of applicants who were admitted. Blank for open-admission schools.,decimal (0.60 = 60%),Quantitative,ADM_RATE,Admission rate
28,sat_average,Admissions & test scores,Average combined SAT score of admitted students.,SAT points (400-1600),Quantitative,SAT_AVG,Average SAT equivalent score of students admitted
29,sat_reading_25th_pct,Admissions & test scores,25% of enrolled first-year students scored at or below this on SAT reading & writing.,SAT points (200-800),Quantitative,SATVR25,25th percentile of SAT scores at the institution (critical reading)
30,sat_reading_75th_pct,Admissions & test scores,75% of enrolled first-year students scored at or below this on SAT reading & writing.,SAT points (200-800),Quantitative,SATVR75,75th percentile of SAT scores at the institution (critical reading)
31,sat_math_25th_pct,Admissions & test scores,25% of enrolled first-year students scored at or below this on SAT math.,SAT points (200-800),Quantitative,SATMT25,25th percentile of SAT scores at the institution (math)
32,sat_math_75th_pct,Admissions & test scores,75% of enrolled first-year students scored at or below this on SAT math.,SAT points (200-800),Quantitative,SATMT75,75th percentile of SAT scores at the institution (math)
33,act_25th_pct,Admissions & test scores,25% of enrolled first-year students scored at or below this ACT composite.,ACT points (1-36),Quantitative,ACTCM25,25th percentile of the ACT cumulative score
34,act_75th_pct,Admissions & test scores,75% of enrolled first-year students scored at or below this ACT composite.,ACT points (1-36),Quantitative,ACTCM75,75th percentile of the ACT cumulative score
35,act_midpoint,Admissions & test scores,Midpoint of the ACT composite range for enrolled first-year students.,ACT points (1-36),Quantitative,ACTCMMID,Midpoint of the ACT cumulative score
36,undergrad_enrollment,Enrollment & who attends,Number of degree- or certificate-seeking undergraduates (fall enrollment).,number of students,Quantitative,UGDS,Enrollment of undergraduate certificate/degree-seeking students
37,grad_enrollment,Enrollment & who attends,Number of graduate students.,number of students,Quantitative,GRADS,Number of graduate students
38,pct_white,Enrollment & who attends,Share of undergraduates who are White.,decimal (0.25 = 25%),Quantitative,UGDS_WHITE,Total share of enrollment of undergraduate degree-seeking students who are white
39,pct_black,Enrollment & who attends,Share of undergraduates who are Black.,decimal (0.25 = 25%),Quantitative,UGDS_BLACK,Total share of enrollment of undergraduate degree-seeking students who are black
40,pct_hispanic,Enrollment & who attends,Share of undergraduates who are Hispanic/Latino.,decimal (0.25 = 25%),Quantitative,UGDS_HISP,Total share of enrollment of undergraduate degree-seeking students who are Hispanic
41,pct_asian,Enrollment & who attends,Share of undergraduates who are Asian.,decimal (0.25 = 25%),Quantitative,UGDS_ASIAN,Total share of enrollment of undergraduate degree-seeking students who are Asian
42,pct_native_american,Enrollment & who attends,Share of undergraduates who are American Indian or Alaska Native.,decimal (0.25 = 25%),Quantitative,UGDS_AIAN,Total share of enrollment of undergraduate degree-seeking students who are American Indian/Alaska Native
43,pct_pacific_islander,Enrollment & who attends,Share of undergraduates who are Native Hawaiian or Pacific Islander.,decimal (0.25 = 25%),Quantitative,UGDS_NHPI,Total share of enrollment of undergraduate degree-seeking students who are Native Hawaiian/Pacific Islander
44,pct_two_or_more_races,Enrollment & who attends,Share of undergraduates who are two or more races.,decimal (0.25 = 25%),Quantitative,UGDS_2MOR,Total share of enrollment of undergraduate degree-seeking students who are two or more races
45,pct_international,Enrollment & who attends,Share of undergraduates who are international students (nonresidents).,decimal (0.25 = 25%),Quantitative,UGDS_NRA,Total share of enrollment of undergraduate degree-seeking students who are non-resident aliens
46,pct_women,Enrollment & who attends,Share of undergraduates who are women.,decimal (0.25 = 25%),Quantitative,UGDS_WOMEN,Total share of enrollment of undergraduate degree-seeking students who are women
47,pct_part_time,Enrollment & who attends,Share of undergraduates attending part-time.,decimal (0.25 = 25%),Quantitative,PPTUG_EF,"Share of undergraduate, degree-/certificate-seeking students who are part-time"
48,pct_age_25_plus,Enrollment & who attends,Share of undergraduates age 25 or older.,decimal (0.25 = 25%),Quantitative,UG25ABV,Percentage of undergraduates aged 25 and above
49,pct_first_generation,Enrollment & who attends,Share of students whose parents did not attend college. Based on students who received federal financial aid.,decimal (0.25 = 25%),Quantitative,FIRST_GEN,Share of first-generation students
50,pct_pell_grant,Enrollment & who attends,Share of undergraduates receiving a Pell Grant (federal grant for students from low-income families).,decimal (0.25 = 25%),Quantitative,PCTPELL,Percentage of undergraduates who receive a Pell Grant
51,pct_federal_loan,Enrollment & who attends,Share of undergraduates taking out a federal student loan.,decimal (0.25 = 25%),Quantitative,PCTFLOAN,Percent of all undergraduate students receiving a federal student loan
52,avg_age_at_entry,Enrollment & who attends,Average age of students when they started at the school. Based on students who received federal financial aid.,years,Quantitative,AGE_ENTRY,Average age of entry
53,pct_veterans,Enrollment & who attends,Share of students who are military veterans. Based on students who received federal financial aid.,decimal (0.25 = 25%),Quantitative,VETERAN,Share of veteran students
54,median_family_income,Enrollment & who attends,Median family income of students (parents' income for dependent students). Based on students who received federal financial aid.,dollars,Quantitative,MD_FAMINC,Median family income
55,home_zip_median_income,Enrollment & who attends,Average median household income in students' home ZIP codes. Based on students who received federal financial aid.,dollars,Quantitative,MEDIAN_HH_INC,Median household income
56,home_zip_poverty_rate,Enrollment & who attends,Average poverty rate in students' home ZIP codes. Based on students who received federal financial aid.,decimal (0.25 = 25%),Quantitative,POVERTY_RATE,"Poverty rate, via Census data"
57,home_zip_unemployment_rate,Enrollment & who attends,Average unemployment rate in students' home ZIP codes. Based on students who received federal financial aid.,decimal (0.25 = 25%),Quantitative,UNEMP_RATE,"Unemployment rate, via Census data"
58,home_zip_pct_bachelors,Enrollment & who attends,Average share of adults with a bachelor's degree in students' home ZIP codes. Based on students who received federal financial aid.,decimal (0.25 = 25%),Quantitative,PCT_BA,"Percent of the population from students' zip codes with a bachelor's degree over the age 25, via Census data"
59,tuition_in_state,Cost & net price,Tuition and fees for one year for in-state students.,dollars per year,Quantitative,TUITIONFEE_IN,In-state tuition and fees
60,tuition_out_of_state,Cost & net price,Tuition and fees for one year for out-of-state students.,dollars per year,Quantitative,TUITIONFEE_OUT,Out-of-state tuition and fees
61,total_cost_per_year,Cost & net price,"Average total cost for one year: tuition, fees, books, room, board, and other expenses (sticker price before aid).",dollars per year,Quantitative,COSTT4_A,Average cost of attendance (academic year institutions)
62,room_and_board,Cost & net price,Cost of living and eating on campus for one year.,dollars per year,Quantitative,ROOMBOARD_ON,Cost of attendance: on-campus room and board
63,books_and_supplies,Cost & net price,Estimated cost of books and supplies for one year.,dollars per year,Quantitative,BOOKSUPPLY,Cost of attendance: estimated books and supplies
64,net_price_public,Cost & net price,"Average price actually paid after grants and scholarships (public schools only). First-time, full-time students receiving aid.",dollars per year,Quantitative,NPT4_PUB,Average net price for Title IV institutions (public institutions)
65,net_price_public_income_0_30k,Cost & net price,dollars per year,"Average net price after grants for students whose families earn $0-30,000 (public schools only).",Quantitative,NPT41_PUB,"Average net price for $0-$30,000 family income (public institutions)"
66,net_price_public_income_30_48k,Cost & net price,dollars per year,"Average net price after grants for students whose families earn $30,001-48,000 (public schools only).",Quantitative,NPT42_PUB,"Average net price for $30,001-$48,000 family income (public institutions)"
67,net_price_public_income_48_75k,Cost & net price,dollars per year,"Average net price after grants for students whose families earn $48,001-75,000 (public schools only).",Quantitative,NPT43_PUB,"Average net price for $48,001-$75,000 family income (public institutions)"
68,net_price_public_income_75_110k,Cost & net price,dollars per year,"Average net price after grants for students whose families earn $75,001-110,000 (public schools only).",Quantitative,NPT44_PUB,"Average net price for $75,001-$110,000 family income (public institutions)"
69,net_price_public_income_110k_plus,Cost & net price,dollars per year,"Average net price after grants for students whose families earn over $110,000 (public schools only).",Quantitative,NPT45_PUB,"Average net price for $110,000+ family income (public institutions)"
70,net_price_private,Cost & net price,"Average price actually paid after grants and scholarships (private and for-profit schools only). First-time, full-time students receiving aid.",dollars per year,Quantitative,NPT4_PRIV,Average net price for Title IV institutions (private for-profit and nonprofit institutions)
71,net_price_private_income_0_30k,Cost & net price,dollars per year,"Average net price after grants for students whose families earn $0-30,000 (private and for-profit schools only).",Quantitative,NPT41_PRIV,"Average net price for $0-$30,000 family income (private for-profit and nonprofit institutions)"
72,net_price_private_income_30_48k,Cost & net price,dollars per year,"Average net price after grants for students whose families earn $30,001-48,000 (private and for-profit schools only).",Quantitative,NPT42_PRIV,"Average net price for $30,001-$48,000 family income (private for-profit and nonprofit institutions)"
73,net_price_private_income_48_75k,Cost & net price,dollars per year,"Average net price after grants for students whose families earn $48,001-75,000 (private and for-profit schools only).",Quantitative,NPT43_PRIV,"Average net price for $48,001-$75,000 family income (private for-profit and nonprofit institutions)"
74,net_price_private_income_75_110k,Cost & net price,dollars per year,"Average net price after grants for students whose families earn $75,001-110,000 (private and for-profit schools only).",Quantitative,NPT44_PRIV,"Average net price for $75,001-$110,000 family income (private for-profit and nonprofit institutions)"
75,net_price_private_income_110k_plus,Cost & net price,dollars per year,"Average net price after grants for students whose families earn over $110,000 (private and for-profit schools only).",Quantitative,NPT45_PRIV,"Average net price for $110,000+ family income (private for-profit and nonprofit institutions)"
76,faculty_salary_monthly,Faculty & money,Average monthly salary of full-time teaching faculty. ,dollars per month,Quantitative,AVGFACSAL,Average faculty salary
77,pct_faculty_full_time,Faculty & money,Share of teaching faculty who work full-time.,decimal (0.60 = 60%),Quantitative,PFTFAC,Proportion of faculty that is full-time
78,students_per_faculty,Faculty & money,"Number of students per teaching faculty member (e.g., 16 means 16 to 1).",ratio,Quantitative,STUFACR,Undergraduate student to instructional faculty ratio
79,teaching_spending_per_student,Faculty & money,Money spent on instruction per full-time-equivalent student.,dollars per student per year,Quantitative,INEXPFTE,Instructional expenditures per full-time equivalent student
80,tuition_revenue_per_student,Faculty & money,Net tuition money the school collects per full-time-equivalent student.,dollars per student per year,Quantitative,TUITFTE,Net tuition revenue per full-time equivalent student
81,endowment,Faculty & money,Value of the school's endowment (invested savings) at the end of the fiscal year. ,dollars,Quantitative,ENDOWEND,Value of school's endowment at the end of the fiscal year
82,retention_rate_4yr_school,Retention & graduation,"Share of first-time, full-time students who come back for a second year (4-year schools).",decimal (0.75 = 75%),Quantitative,RET_FT4,"First-time, full-time student retention rate at four-year institutions"
83,retention_rate_2yr_school,Retention & graduation,"Share of first-time, full-time students who come back for a second year (schools below 4-year).",decimal (0.75 = 75%),Quantitative,RET_FTL4,"First-time, full-time student retention rate at less-than-four-year institutions"
84,grad_rate_4yr_school,Retention & graduation,"Share of first-time, full-time students who finish within 6 years (150% of normal time). 4-year schools.",decimal (0.75 = 75%),Quantitative,C150_4,"Completion rate for first-time, full-time students at four-year institutions (150% of expected time to completion)"
85,grad_rate_2yr_school,Retention & graduation,"Share of first-time, full-time students who finish within 150% of normal time (e.g., 3 years for a 2-year degree). Schools below 4-year.",decimal (0.75 = 75%),Quantitative,C150_L4,"Completion rate for first-time, full-time students at less-than-four-year institutions (150% of expected time to completion)"
86,grad_rate_white,Retention & graduation,decimal (0.60 = 60%),"6-year graduation rate for White first-time, full-time students (4-year schools). Blank when the group is small.",Quantitative,C150_4_WHITE,"Completion rate for first-time, full-time students at four-year institutions (150% of expected time to completion) for white students"
87,grad_rate_black,Retention & graduation,decimal (0.60 = 60%),"6-year graduation rate for Black first-time, full-time students (4-year schools). Blank when the group is small.",Quantitative,C150_4_BLACK,"Completion rate for first-time, full-time students at four-year institutions (150% of expected time to completion) for black students"
88,grad_rate_hispanic,Retention & graduation,decimal (0.60 = 60%),"6-year graduation rate for Hispanic/Latino first-time, full-time students (4-year schools). Blank when the group is small.",Quantitative,C150_4_HISP,"Completion rate for first-time, full-time students at four-year institutions (150% of expected time to completion) for Hispanic students"
89,grad_rate_asian,Retention & graduation,decimal (0.60 = 60%),"6-year graduation rate for Asian first-time, full-time students (4-year schools). Blank when the group is small.",Quantitative,C150_4_ASIAN,"Completion rate for first-time, full-time students at four-year institutions (150% of expected time to completion) for Asian students"
90,grad_rate_native_american,Retention & graduation,decimal (0.60 = 60%),"6-year graduation rate for American Indian/Alaska Native first-time, full-time students (4-year schools). Blank when the group is small.",Quantitative,C150_4_AIAN,"Completion rate for first-time, full-time students at four-year institutions (150% of expected time to completion) for American Indian/Alaska Native students"
91,grad_rate_two_or_more_races,Retention & graduation,decimal (0.60 = 60%),"6-year graduation rate for two-or-more-races first-time, full-time students (4-year schools). Blank when the group is small.",Quantitative,C150_4_2MOR,"Completion rate for first-time, full-time students at four-year institutions (150% of expected time to completion) for students of two-or-more-races"
92,grad_rate_pell_4yr_school,Retention & graduation,decimal (0.60 = 60%),"6-year graduation rate for first-time, full-time Pell Grant recipients (4-year schools).",Quantitative,C150_4_PELL,"Completion rate for first-time, full-time students receiving a Pell Grant during their first year of college at four-year institutions (150% of expected time to completion)"
93,grad_rate_pell_2yr_school,Retention & graduation,decimal (0.60 = 60%),"Graduation rate within 150% of normal time for first-time, full-time Pell Grant recipients (schools below 4-year).",Quantitative,C150_L4_PELL,"Completion rate for first-time, full-time students receiving a Pell Grant during their first year of college at less-than-four-year institutions (150% of expected time to completion)"
94,median_debt_graduates,Debt & repayment,Median federal student loan debt of students who graduated.,dollars,Quantitative,GRAD_DEBT_MDN,The median debt for students who have completed
95,median_debt_dropouts,Debt & repayment,Median federal student loan debt of students who left without finishing.,dollars,Quantitative,WDRAW_DEBT_MDN,The median debt for students who have not completed
96,monthly_loan_payment_graduates,Debt & repayment,Graduates' median debt turned into a monthly payment on a standard 10-year plan.,dollars per month,Quantitative,GRAD_DEBT_MDN10YR,Median loan debt of completers in monthly payments (10-year amortization plan)
97,median_debt_pell,Debt & repayment,Median federal loan debt of Pell Grant recipients (graduates and non-graduates).,dollars,Quantitative,PELL_DEBT_MDN,The median debt for Pell students
98,median_debt_no_pell,Debt & repayment,Median federal loan debt of students without a Pell Grant.,dollars,Quantitative,NOPELL_DEBT_MDN,The median debt for no-Pell students
99,median_debt_first_gen,Debt & repayment,Median federal loan debt of first-generation students.,dollars,Quantitative,FIRSTGEN_DEBT_MDN,The median debt for first-generation students
100,median_debt_not_first_gen,Debt & repayment,Median federal loan debt of students who are not first-generation.,dollars,Quantitative,NOTFIRSTGEN_DEBT_MDN,The median debt for not-first-generation students
101,loan_default_rate,Debt & repayment,Share of borrowers who defaulted (stopped paying) within 2 years of starting repayment.,decimal (0.08 = 8%),Quantitative,CDR2,Two-year cohort default rate
102,pct_repaying_loans_3yrs,Debt & repayment,Share of borrowers who are not in default and have lowered their balance 3 years after starting repayment.,decimal (0.08 = 8%),Quantitative,RPY_3YR_RT,"Fraction of repayment cohort who are not in default, and with loan balances that have declined three years since entering repayment, excluding enrolled and military deferment from calculation. (rolling averages)"
103,median_earnings_6yrs,Earnings,Median yearly earnings 6 years after starting at the school. Includes everyone who started at the school (graduates and non-graduates) who is working and not enrolled; federal aid recipients only.,dollars per year,Quantitative,MD_EARN_WNE_P6,Median earnings of students working and not enrolled 6 years after entry
104,median_earnings_10yrs,Earnings,Median yearly earnings 10 years after starting at the school. Includes everyone who started at the school (graduates and non-graduates) who is working and not enrolled; federal aid recipients only.,dollars per year,Quantitative,MD_EARN_WNE_P10,Median earnings of students working and not enrolled 10 years after entry
105,earnings_25th_pct_10yrs,Earnings,25th percentile of yearly earnings 10 years after starting (a lower earner at this school). Includes everyone who started at the school (graduates and non-graduates) who is working and not enrolled; federal aid recipients only.,dollars per year,Quantitative,PCT25_EARN_WNE_P10,25th percentile of earnings of students working and not enrolled 10 years after entry
106,earnings_75th_pct_10yrs,Earnings,75th percentile of yearly earnings 10 years after starting (a higher earner at this school). Includes everyone who started at the school (graduates and non-graduates) who is working and not enrolled; federal aid recipients only.,dollars per year,Quantitative,PCT75_EARN_WNE_P10,75th percentile of earnings of students working and not enrolled 10 years after entry
107,pct_earning_more_than_hs_grad,Earnings,Share of former students earning more than a typical high school graduate 6 years after starting. Includes everyone who started at the school (graduates and non-graduates) who is working and not enrolled; federal aid recipients only.,decimal (0.60 = 60%),Quantitative,GT_THRESHOLD_P6,Share of students earning more than a high school graduate (threshold earnings) 6 years after entry
108,median_earnings_10yrs_low_income,Earnings,"Median earnings 10 years after starting, for students from families earning $0-30,000. Includes everyone who started at the school (graduates and non-graduates) who is working and not enrolled; federal aid recipients only.",dollars per year,Quantitative,MD_EARN_WNE_INC1_P10,"Median earnings of students working and not enrolled 10 years after entry in the lowest income tercile $0-$30,000"
109,median_earnings_10yrs_middle_income,Earnings,"Median earnings 10 years after starting, for students from families earning $30,001-75,000. Includes everyone who started at the school (graduates and non-graduates) who is working and not enrolled; federal aid recipients only.",dollars per year,Quantitative,MD_EARN_WNE_INC2_P10,"Median earnings of students working and not enrolled 10 years after entry in the middle income tercile $30,001-$75,000"
110,median_earnings_10yrs_high_income,Earnings,"Median earnings 10 years after starting, for students from families earning over $75,000. Includes everyone who started at the school (graduates and non-graduates) who is working and not enrolled; federal aid recipients only.",dollars per year,Quantitative,MD_EARN_WNE_INC3_P10,"Median earnings of students working and not enrolled 10 years after entry in the highest income tercile $75,001+"
111,median_earnings_10yrs_women,Earnings,"Median earnings 10 years after starting, for students who are not male (Scorecard's ""not male"" group). Includes everyone who started at the school (graduates and non-graduates) who is working and not enrolled; federal aid recipients only.",dollars per year,Quantitative,MD_EARN_WNE_MALE0_P10,Median earnings of non-male students working and not enrolled 10 years after entry
112,median_earnings_10yrs_men,Earnings,"Median earnings 10 years after starting, for male students. Includes everyone who started at the school (graduates and non-graduates) who is working and not enrolled; federal aid recipients only.",dollars per year,Quantitative,MD_EARN_WNE_MALE1_P10,Median earnings of male students working and not enrolled 10 years after entry
113,pct_degrees_computer_science,Degrees by field,decimal (0.10 = 10%),Share of the school's degrees and certificates awarded in computer and information sciences.,Quantitative,PCIP11,Percentage of degrees awarded in Computer And Information Sciences And Support Services.
114,pct_degrees_engineering,Degrees by field,decimal (0.10 = 10%),Share of the school's degrees and certificates awarded in engineering.,Quantitative,PCIP14,Percentage of degrees awarded in Engineering.
115,pct_degrees_biology,Degrees by field,decimal (0.10 = 10%),Share of the school's degrees and certificates awarded in biological and biomedical sciences.,Quantitative,PCIP26,Percentage of degrees awarded in Biological And Biomedical Sciences.
116,pct_degrees_math_stats,Degrees by field,decimal (0.10 = 10%),Share of the school's degrees and certificates awarded in mathematics and statistics.,Quantitative,PCIP27,Percentage of degrees awarded in Mathematics And Statistics.
117,pct_degrees_psychology,Degrees by field,decimal (0.10 = 10%),Share of the school's degrees and certificates awarded in psychology.,Quantitative,PCIP42,Percentage of degrees awarded in Psychology.
118,pct_degrees_social_sciences,Degrees by field,decimal (0.10 = 10%),Share of the school's degrees and certificates awarded in social sciences.,Quantitative,PCIP45,Percentage of degrees awarded in Social Sciences.
119,pct_degrees_arts,Degrees by field,decimal (0.10 = 10%),Share of the school's degrees and certificates awarded in visual and performing arts.,Quantitative,PCIP50,Percentage of degrees awarded in Visual And Performing Arts.
120,pct_degrees_health,Degrees by field,decimal (0.10 = 10%),"Share of the school's degrees and certificates awarded in health professions (nursing, medical assisting, etc.).",Quantitative,PCIP51,Percentage of degrees awarded in Health Professions And Related Programs.
121,pct_degrees_business,Degrees by field,decimal (0.10 = 10%),"Share of the school's degrees and certificates awarded in business, management, and marketing.",Quantitative,PCIP52,"Percentage of degrees awarded in Business, Management, Marketing, And Related Support Services."
122,ownership,Type of school,"Readable version of ownership_code: Public, Private nonprofit, For-profit.",text label,Category,(made from CONTROL),
123,school_level,Type of school,"Readable version of school_level_code: 4-year, 2-year, Less than 2-year.",text label,Category,(made from ICLEVEL),
124,main_degree,Type of school,"Readable version of main_degree_code: Certificate, Associate, Bachelor's, Graduate, Not classified.",text label,Category,(made from PREDDEG),